Model_Name,Label,Accuracy,Precision,Recall,F1-Score
convnext_tiny,slate,0.9930970668792725,0.5503355860710144,1.0,0.709956705570221
convnext_tiny,chyron,0.9667215943336487,0.7482233643531799,0.9076354503631592,0.8202559947967529
convnext_tiny,credit,0.986606240272522,0.4878048896789551,0.3125,0.380952388048172
convnext_tiny,NEG,0.9493097066879272,0.9824499487876892,0.9605020880699158,0.9713520407676697
