Model_Name,Label,Accuracy,Precision,Recall,F1-Score
convnext_lg,bars,1.0,1.0,1.0,1.0
convnext_lg,slate,0.9949418306350708,1.0,0.5,0.6666666865348816
convnext_lg,chyron,0.9919069409370422,0.9494949579238892,0.9964664578437805,0.9724137783050537
convnext_lg,credits,0.9898836612701416,0.4583333432674408,0.6111111044883728,0.523809552192688
convnext_lg,NEG,0.9549822807312012,0.9505581855773926,0.9778506755828857,0.9640113115310669
