Model_Name,Label,Accuracy,Precision,Recall,F1-Score
convnext_lg,bars,1.0,1.0,1.0,1.0
convnext_lg,slate,0.9960619807243347,0.949999988079071,0.5757575631141663,0.7169811129570007
convnext_lg,other_opening,0.9944867491722107,0.9166666865348816,0.7746478915214539,0.8396946787834167
convnext_lg,chyron,0.9931740760803223,0.9297752976417542,0.9969879388809204,0.9622092843055725
convnext_lg,credit,0.9929115176200867,0.7647058963775635,0.3611111044883728,0.49056604504585266
convnext_lg,other_text,0.9816224575042725,0.40963855385780334,0.6181818246841431,0.49275362491607666
convnext_lg,NEG,0.9784720540046692,0.983512282371521,0.985023021697998,0.9842670559883118
