Model_Name,Label,Accuracy,Precision,Recall,F1-Score
convnext_tiny,bars,1.0,1.0,1.0,1.0
convnext_tiny,slate,0.9939616918563843,1.0,0.3030303120613098,0.4651162922382355
convnext_tiny,other_opening,0.9918614029884338,0.7941176295280457,0.7605633735656738,0.7769784331321716
convnext_tiny,chyron,0.9955368638038635,0.9673590660095215,0.9819276928901672,0.974588930606842
convnext_tiny,credit,0.9929115176200867,0.6800000071525574,0.4722222089767456,0.5573770403862
convnext_tiny,other_text,0.9839853048324585,0.4482758641242981,0.4727272689342499,0.4601770043373108
convnext_tiny,NEG,0.9831976890563965,0.9930124282836914,0.9823348522186279,0.9876447916030884
