Model_Name,Label,Accuracy,Precision,Recall,F1-Score
convnext_tiny,slate,0.9885189533233643,0.0,0.0,0.0
convnext_tiny,chyron,1.0,1.0,1.0,1.0
convnext_tiny,credit,0.9827784299850464,0.3478260934352875,1.0,0.5161290168762207
convnext_tiny,none,0.9712973833084106,0.9755725264549255,0.9861111044883728,0.9808135032653809
