Model_Name,Label,Accuracy,Precision,Recall,F1-Score
convnext_tiny,slate,0.9988558292388916,0.9047619104385376,1.0,0.949999988079071
convnext_tiny,chyron,0.9914187788963318,0.9385964870452881,0.9304347634315491,0.9344978332519531
convnext_tiny,credit,0.9988558292388916,0.8823529481887817,1.0,0.9375
convnext_tiny,none,0.9622425436973572,0.9797248244285583,0.9726815223693848,0.976190447807312
