Model_Name,Label,Accuracy,Precision,Recall,F1-Score
convnext_tiny,slate,0.993250846862793,0.0,0.0,0.0
convnext_tiny,chyron,0.9955005645751953,1.0,0.8666666746139526,0.9285714030265808
convnext_tiny,credit,0.9876265525817871,0.65625,1.0,0.7924528121948242
convnext_tiny,none,0.9685039520263672,0.9877049326896667,0.9743935465812683,0.9810040593147278
