Model_Name,Label,Accuracy,Precision,Recall,F1-Score
convnext_tiny,slate,1.0,1.0,1.0,1.0
convnext_tiny,chyron,0.9988851547241211,1.0,0.9756097793579102,0.9876543283462524
convnext_tiny,credit,0.9899665713310242,0.9090909361839294,0.5555555820465088,0.6896551847457886
convnext_tiny,none,0.9364548325538635,0.9778130054473877,0.9348484873771667,0.9558481574058533
