Model_Name,Label,Accuracy,Precision,Recall,F1-Score
convnext_tiny,slate,0.9959373474121094,0.2222222238779068,1.0,0.3636363744735718
convnext_tiny,chyron,0.991874635219574,0.931034505367279,0.84375,0.8852459192276001
convnext_tiny,credit,0.9947765469551086,0.6111111044883728,0.8461538553237915,0.7096773982048035
convnext_tiny,none,0.9088798761367798,0.9424943923950195,0.940387487411499,0.9414397478103638
