Model_Name,Label,Accuracy,Precision,Recall,F1-Score
convnext_tiny,slate,1.0,1.0,1.0,1.0
convnext_tiny,chyron,0.9828864932060242,0.8380952477455139,0.8712871074676514,0.8543689250946045
convnext_tiny,credit,0.9851682782173157,0.75,0.1071428582072258,0.1875
convnext_tiny,none,0.9401026964187622,0.9474562406539917,0.9643463492393494,0.9558266997337341
