Model_Name,Label,Accuracy,Precision,Recall,F1-Score
convnext_tiny,slate,1.0,1.0,1.0,1.0
convnext_tiny,chyron,0.99005526304245,0.625,0.7692307829856873,0.6896551847457886
convnext_tiny,credit,0.9955801367759705,1.0,0.6000000238418579,0.75
convnext_tiny,none,0.9403315186500549,0.9371795058250427,0.9932065010070801,0.9643799662590027
