Model_Name,Label,Accuracy,Precision,Recall,F1-Score
convnext_tiny,slate,0.9981308579444885,1.0,0.8666666746139526,0.9285714030265808
convnext_tiny,chyron,0.9850467443466187,0.9492753744125366,0.9924242496490479,0.970370352268219
convnext_tiny,credit,0.9887850284576416,0.5,0.4166666567325592,0.4545454680919647
convnext_tiny,none,0.8925233483314514,0.8312159776687622,0.9541666507720947,0.8884578347206116
