Model_Name,Label,Accuracy,Precision,Recall,F1-Score
convnext_tiny,slate,0.9940617680549622,0.8571428656578064,0.800000011920929,0.8275862336158752
convnext_tiny,chyron,0.940617561340332,0.7023809552192688,0.7023809552192688,0.7023809552192688
convnext_tiny,credit,0.9548693299293518,0.0,0.0,0.0
convnext_tiny,none,0.8254156708717346,0.8168498277664185,0.6968749761581421,0.7521079182624817
