Model_Name,Label,Accuracy,Precision,Recall,F1-Score
convnext_tiny,slate,0.9896907210350037,0.38461539149284363,1.0,0.5555555820465088
convnext_tiny,chyron,0.9832473993301392,0.970588207244873,0.936170220375061,0.9530686140060425
convnext_tiny,credit,0.9716494679450989,0.3333333432674408,1.0,0.5
convnext_tiny,none,0.8685566782951355,0.8678756356239319,0.8678756356239319,0.8678756356239319
