Model_Name,Label,Accuracy,Precision,Recall,F1-Score
convnextv2_large,Overall,0.32504338026046753,0.32504338026046753,0.32504338026046753,0.32504338026046753
convnextv2_large,GLOTW,0.9883381724357605,0.2260502278804779,0.9883381724357605,0.36794501543045044
convnextv2_large,CR,0.0,0.0,0.0,0.0
convnextv2_large,IN,0.0,0.0,0.0,0.0
convnextv2_large,KU,0.0,0.0,0.0,0.0
convnextv2_large,B,0.0,0.0,0.0,0.0
convnextv2_large,S,0.0,0.0,0.0,0.0
convnextv2_large,M,0.0,0.0,0.0,0.0
convnextv2_large,Y,0.0,0.0,0.0,0.0
convnextv2_large,F,0.0,0.0,0.0,0.0
convnextv2_large,E,0.0,0.0,0.0,0.0
convnextv2_large,P,0.9657422304153442,0.4309633672237396,0.9657422304153442,0.5959731340408325
convnextv2_large,-,0.02185089886188507,0.7083333134651184,0.02185089886188507,0.042394015938043594


Confusion Matrix (cols = preds, rows = golds)
     ,GLOTW,   CR,   IN,   KU,    B,    S,    M,    Y,    F,    E,    P,    -,    +
GLOTW, 1017,    0,    0,    0,    0,    0,    0,    0,    0,    0,   12,    0, 1029
   CR,  887,    0,    0,    0,    0,    0,    0,    0,    0,    0,    1,    0,  888
   IN,  730,    0,    0,    0,    0,    0,    0,    0,    0,    0, 1190,    2, 1922
   KU,   53,    0,    0,    0,    0,    0,    0,    0,    0,    0,    2,    0,   55
    B,   68,    0,    0,    0,    0,    0,    0,    0,    0,    0,    0,    0,   68
    S,  204,    0,    0,    0,    0,    0,    0,    0,    0,    0,    0,    0,  204
    M,  162,    0,    0,    0,    0,    0,    0,    0,    0,    0,    0,    0,  162
    Y,   93,    0,    0,    0,    0,    0,    0,    0,    0,    0,   11,    0,  104
    F,  755,    0,    0,    0,    0,    0,    0,    0,    0,    0,   84,    1,  840
    E,  105,    0,    0,    0,    0,    0,    0,    0,    0,    0,  650,    1,  756
    P,   60,    0,    0,    0,    0,    0,    0,    0,    0,    0, 1776,    3, 1839
    -,  365,    0,    1,    0,    0,    0,    0,    0,    0,    0,  395,   17,  778
    +, 4499,    0,    1,    0,    0,    0,    0,    0,    0,    0, 4121,   24, 8645


peak-vram-usage,GPU 0 (NVIDIA RTX A6000): 8075.32MB peak; GPU 1 (NVIDIA RTX A6000): 0.00MB peak; GPU 2 (NVIDIA RTX A6000): 0.00MB peak
training-time,8132.881308043376
validation-time,74.26043995842338


Epoch 1 loss,1.363985
Epoch 2 loss,1.183044
Epoch 3 loss,1.210653
Epoch 4 loss,1.271515
Epoch 5 loss,1.315718
Epoch 6 loss,1.501557
Epoch 7 loss,1.465935
Epoch 8 loss,1.640804
